<?xml version="1.0"?>
<config xmlns:xsi="http://www.w3.org/2001/XMLSchema-instance"
        xsi:noNamespaceSchemaLocation="urn:magento:module:Magento_Config:etc/system_file.xsd">
    <system>
        <tab id="egits" translate="label" sortOrder="10">
            <label>EGITS</label>
        </tab>
        <section id="wishlist_groups" translate="label" sortOrder="130" showInDefault="1" showInWebsite="1"
                 showInStore="1">
            <class>separator-top</class>
            <label>Wishlist Groups</label>
            <tab>egits</tab>
            <resource>Egits_WishlistGroups::config_wishlistgroups</resource>
            <group id="wishlist" translate="label" type="text" sortOrder="10" showInDefault="1"
                   showInWebsite="1" showInStore="1">
                <label>Wishlist Settings</label>
                <field id="wishlist_count" translate="label" type="text" sortOrder="10" showInDefault="1"
                       showInWebsite="1" showInStore="1" canRestore="1">
                    <label>Wishlist Limit</label>
                    <validate>validate-number</validate>
                </field>
                <field id="sender" translate="label" type="select" sortOrder="20" showInDefault="1" 
                       showInWebsite="1" showInStore="1" canRestore="1">
                    <label>Admin Email Recipient</label>
                    <source_model>Magento\Config\Model\Config\Source\Email\Identity</source_model>
                    <depends>
                        <field id="*/*/enabled">1</field>
                    </depends>
                </field>
            </group>
        </section>
    </system>
</config>